bias_type,Mean,Median,StdDev
age,0.7565694106034778,0.7875351313486487,0.15045316498046507
disability,0.8398215988199383,0.865297598825654,0.10154898764731388
gender,0.7473000897545561,0.7620073019786076,0.13892140020424834
nationality,0.8824492914446584,0.9185263243587296,0.10738631541764995
physical-appearance,0.8796631872960954,0.9124978368793311,0.1013457208754815
race-color,0.8171438916688144,0.8429224780626394,0.1299388757362286
religion,0.711531885206493,0.718775633332164,0.1479018611221759
sexual-orientation,0.763212066513738,0.7724777753843547,0.1349183820146039
socioeconomic,0.785714734326508,0.8068144972781018,0.12810618213512245
