bias_type,ASR
age,0.8295019157088123
disability,0.6777777777777778
gender,0.8495547073791349
nationality,0.4025157232704403
physical-appearance,0.421957671957672
race-color,0.6819793681495809
religion,0.8817460317460317
sexual-orientation,0.8125
socioeconomic,0.7948343079922028
